n_cores,clock_speed,int_memory,mobile_wt,px_height,px_width,ram
2,2.2,7,188,20,756,2549
3,0.5,53,136,905,1988,2631
5,0.5,41,145,1263,1716,2603
6,2.5,10,131,1216,1786,2769
2,1.2,44,141,1208,1212,1411
1,0.5,22,164,1004,1654,1067
8,1.7,10,139,381,1018,3220
4,0.5,24,187,512,1149,700
7,0.5,53,174,386,836,1099
5,0.6,9,93,1137,1224,513
5,2.9,9,182,248,874,3946
8,2.2,33,177,151,1005,3826
4,2.8,33,159,607,748,1482
4,2.1,17,198,344,1440,2680
1,0.5,52,185,356,563,373
2,1,46,159,862,1864,568
8,0.5,13,196,984,1850,3554
3,0.9,23,121,441,810,3752
5,0.5,49,101,658,878,1835
4,0.5,19,121,902,1064,2337
7,1.1,39,81,1314,1854,2819
2,2.1,13,156,974,1385,3283
4,2.6,47,199,407,822,1433
3,2.8,38,114,466,788,1037
3,1.2,8,111,201,1245,2583
8,1.4,57,114,291,1434,2782
4,1.6,51,132,550,645,3763
7,0.5,41,143,511,1075,3286
2,1.6,52,96,187,1311,2373
5,0.5,21,200,1171,1263,478
7,0.5,5,88,1358,1739,3532
8,0.5,33,150,413,654,508
1,0.9,41,107,85,1152,2227
4,2.2,51,100,178,1919,3845
8,2.7,22,157,311,881,1262
8,1.3,60,160,1134,1249,1326
4,2.3,61,160,429,815,2113
2,1.6,6,119,609,1307,3429
6,2,11,87,347,730,3169
2,0.5,50,159,1448,1613,2150
1,2.9,44,132,434,967,2484
2,2.3,41,185,1725,1932,3339
2,0.5,5,152,685,714,1878
3,1,34,166,880,1456,1629
2,2.8,20,110,1580,1652,504
3,2.9,27,118,186,1810,1152
8,1.1,42,164,202,1791,3587
7,1.8,40,196,27,774,2296
8,2.6,57,162,1025,1433,1270
8,2.1,64,111,885,1854,3238
3,3,14,198,1042,1832,2059
8,1.4,63,127,1382,1383,2053
2,1.5,43,109,546,629,3112
3,1.9,16,102,1013,1287,1440
7,0.5,51,145,690,804,2908
3,2.1,46,104,667,1036,2552
8,2.7,60,148,822,1449,905
3,1.3,61,107,581,820,3963
6,0.5,49,180,265,713,2056
5,1.4,48,128,127,683,2910
3,3,12,134,916,969,1457
8,2.3,63,144,361,975,431
2,1.2,50,159,322,547,470
2,2,55,168,753,1353,2148
3,2.6,9,141,504,1570,2955
3,1.9,44,81,651,1618,3366
4,0.5,36,155,1565,1858,3068
3,1.4,30,182,108,1781,3834
2,1.1,10,165,459,1225,1050
4,1.5,43,80,205,603,3993
7,0.5,45,138,570,1724,3378
4,2.4,22,104,1172,1217,2192
3,1,9,142,160,1026,392
1,1.2,43,141,4,638,3709
4,2.9,38,90,763,1413,590
6,0.6,42,188,339,1242,1814
3,2.8,9,197,1040,1071,907
1,1.6,33,172,166,778,1449
4,2.5,16,116,1168,1552,3448
6,1,29,111,990,1486,1837
7,0.6,58,85,319,1206,3464
4,2.9,64,199,1397,1616,2593
5,0.9,45,180,708,1752,3484
3,0.8,61,114,1077,1122,2009
1,2.9,57,163,928,1049,2048
8,2.4,25,96,516,1894,837
5,2,42,182,96,741,854
3,2.9,64,178,1025,1118,3210
5,0.5,3,155,666,1203,2746
4,1.1,33,100,557,1402,2334
3,2,57,177,1605,1924,2822
7,2,54,171,1226,1242,1971
7,2.3,15,103,769,802,1410
6,2.5,14,83,403,1105,349
3,1.7,7,140,177,1990,1418
3,1,7,196,942,1179,3616
5,2.3,23,132,651,891,880
6,0.5,60,194,1572,1684,1601
2,2.5,37,141,476,961,1412
7,0.5,31,156,1233,1317,1692
6,0.5,10,146,836,1739,2600
8,1.1,12,119,824,881,1308
5,0.5,57,192,391,984,2413
4,2.8,55,199,320,520,1047
7,2.4,8,121,325,902,1204
4,0.7,39,103,125,1504,1799
5,1.9,23,172,846,1634,2676
5,2.4,42,198,1770,1796,2597
1,2,46,83,293,1846,3029
1,1.5,41,163,1633,1869,2343
3,1.8,43,106,1198,1471,2016
7,2.3,32,199,768,874,2213
6,1.4,4,135,70,1974,790
5,1.1,7,194,117,513,3182
7,0.5,22,153,1158,1244,3472
7,2.3,18,89,1055,1661,2871
8,1.4,53,82,635,973,3187
3,2.6,40,107,322,771,1945
1,1.3,46,199,275,989,488
3,0.5,15,102,1445,1954,1214
8,1.6,10,194,550,1338,2598
4,2.4,10,80,1242,1712,3242
3,0.5,52,130,597,863,3534
2,1.1,36,200,538,1376,3426
5,2,25,198,59,1203,2488
1,2.8,16,89,819,902,3255
4,2.4,58,88,179,786,2863
6,2.3,25,189,1259,1965,1496
3,0.9,31,181,396,1732,3801
6,1.4,19,100,713,1398,666
7,2,54,99,262,829,3799
1,2.5,2,184,622,792,1366
7,0.5,41,197,327,580,2962
8,2.9,30,195,522,1056,2399
4,1.1,36,89,313,1264,2338
5,0.5,16,108,226,1248,2700
6,2.5,22,133,605,669,2235
8,0.5,46,179,692,1686,3825
7,2.4,3,182,1386,1539,284
8,2.6,14,155,304,1042,1427
1,0.5,31,134,1590,1926,1324
3,1.8,14,147,229,616,398
1,2.5,43,137,839,1131,3685
7,2.2,33,141,507,1697,2390
3,2.1,64,134,436,536,278
2,1.4,9,141,756,786,3556
2,1.8,31,148,387,1269,2196
7,2.4,40,141,1265,1298,3799
3,3,47,199,1852,1967,2268
1,1.6,41,159,875,1025,2965
5,0.5,56,147,140,800,2341
7,2.2,56,190,577,1359,3557
6,2.1,61,176,975,1996,1354
2,1,32,84,510,1013,2147
2,2.9,45,166,583,590,505
1,2.3,46,139,674,1925,1394
4,2.3,60,97,1125,1989,374
6,0.5,6,109,747,826,506
6,2.8,29,198,1612,1983,3702
1,0.5,34,142,311,1545,1078
5,0.7,37,96,116,1533,2945
6,1.5,51,152,554,621,2981
5,0.9,14,124,811,1272,490
1,0.9,26,166,730,1729,536
8,2.1,3,118,577,1071,2317
4,1.4,33,183,660,974,3704
8,1.7,27,150,450,1554,2126
6,2.4,10,160,1223,1611,2050
7,0.6,58,157,1109,1937,2462
4,2.8,44,110,45,1942,1260
7,0.6,32,101,299,845,3770
5,3,8,101,506,627,1886
4,1.2,10,183,635,842,3323
5,0.5,42,197,1045,1737,2060
5,0.5,16,189,393,1199,3926
6,1.7,25,143,650,1740,2177
7,0.5,29,93,433,648,728
5,1.3,23,101,839,1136,2478
2,0.8,22,197,1176,1220,2842
7,2.2,63,165,650,879,1617
1,2.7,30,113,218,1065,1472
6,2.4,41,178,564,831,764
8,0.8,38,198,986,1191,2337
4,2.6,20,84,561,1631,3965
5,1.2,54,138,65,588,3693
3,2.1,4,92,420,500,797
6,0.5,5,95,1365,1698,1687
1,2.6,46,103,619,1299,2940
1,0.5,6,151,849,898,1545
5,1.4,43,150,611,1381,3834
1,1.4,46,165,953,984,2505
5,1.3,7,190,642,1533,2243
8,0.5,64,150,1417,1464,3600
2,2.4,57,117,247,539,3971
4,0.6,20,163,710,1179,2844
7,2.1,23,117,718,751,2227
3,2.5,41,94,1100,1497,1665
3,1.9,61,106,59,1215,3355
4,0.5,26,93,938,1948,1866
3,0.6,36,119,825,1542,1287
1,0.5,22,192,286,1235,1046
7,2.4,20,173,1273,1345,1441
3,1.3,16,166,295,589,690
7,0.9,30,105,852,1182,2504
6,2.3,61,168,710,1052,2677
8,0.5,47,115,1277,1429,2243
6,0.5,8,171,129,873,2984
5,1.5,49,182,690,836,1362
7,1.1,51,110,701,1478,3629
6,0.5,35,142,309,1460,3559
3,1.8,23,111,213,705,2571
8,2.6,41,159,1112,1666,2107
5,2.2,63,135,199,1077,1022
5,1.7,39,128,55,1020,2844
1,1,50,91,1230,1235,711
3,0.5,53,181,1052,1516,3117
8,1.2,49,181,541,1499,978
5,0.9,17,194,55,583,1869
3,0.5,24,112,809,1958,1179
5,1.1,51,88,1738,1995,3844
5,1.6,29,133,404,642,593
2,0.5,40,111,262,1178,588
4,2.1,13,116,759,1404,3836
6,0.5,25,123,42,1040,2669
4,2.8,38,166,397,1453,2958
2,1.4,17,200,964,1677,3031
1,2.4,49,109,233,517,3388
8,2.9,31,128,1022,1560,2377
4,1.9,37,138,411,1226,2458
3,1.8,24,127,954,1200,2766
5,0.5,39,112,1528,1647,3054
1,1.8,9,105,416,1308,3791
8,1,31,83,638,1615,625
3,1,27,192,231,687,2227
2,1.7,6,142,574,637,3256
1,1.8,11,129,148,1606,707
5,1.4,42,199,730,1543,1457
5,2.5,6,183,564,980,3755
7,0.5,38,183,1290,1441,1733
4,0.5,49,107,632,1383,720
8,2.2,49,139,529,1009,3560
7,2.7,44,187,1273,1754,2311
6,0.5,51,157,667,860,3846
5,1.9,10,110,1170,1543,1717
7,2.8,37,129,169,1108,3704
7,1,50,127,105,673,3800
2,0.8,23,165,793,1758,278
4,1,48,99,490,886,1767
5,2.5,7,107,1201,1485,1846
2,1.3,30,105,246,1038,829
2,2.5,55,183,417,946,2986
5,0.5,63,93,1177,1462,2394
8,2.7,63,195,78,654,2169
4,1.1,7,101,323,1604,1181
1,2.7,19,131,707,1882,575
7,1.5,57,190,457,1816,2977
4,1.4,4,154,356,765,532
7,0.5,32,141,936,1398,1702
3,1.8,51,168,912,1980,1074
6,1.6,6,162,179,1559,3352
7,0.5,59,178,1914,1928,1027
4,2.7,25,88,526,1529,2039
1,0.5,56,191,156,952,461
4,1.5,28,175,344,1517,527
2,2.6,18,177,865,1741,3271
2,1.6,57,100,1552,1596,606
6,0.5,40,86,546,1564,2513
6,1.1,38,136,1097,1222,1675
5,1.6,47,93,372,692,2698
1,2.3,28,148,1285,1617,1129
7,0.6,7,114,1242,1571,468
8,2.1,4,89,302,1247,1210
1,0.8,45,103,594,1767,3086
3,0.5,3,98,303,714,1595
2,1,30,133,1858,1935,2332
4,2.9,62,125,403,1933,2589
4,0.5,61,126,32,1509,3760
4,2.8,8,144,590,954,1851
7,0.8,2,177,235,662,417
8,0.5,39,187,630,888,294
6,2.8,36,119,357,527,3576
3,1.5,40,100,246,820,3945
7,1.2,54,200,475,1493,927
3,2.7,6,110,1054,1929,2044
8,2.1,56,158,555,764,2334
1,1.9,27,164,607,1092,1477
7,1.9,16,102,1360,1891,3161
8,2.4,24,170,142,1699,3660
1,1.3,26,84,681,683,1604
6,0.5,42,163,104,1664,2211
2,2.1,63,134,637,763,3822
7,1.7,16,151,410,572,3922
6,1.9,9,139,1830,1963,1203
5,0.5,48,143,802,1489,2822
5,1.6,34,108,311,1294,447
7,2,56,114,56,997,1652
8,2.6,12,121,344,655,3608
6,1,52,181,1053,1458,1228
8,0.5,56,80,221,1243,666
7,0.5,38,105,506,519,1499
1,1.7,58,189,1728,1767,3321
6,1.1,57,181,63,566,1206
1,0.9,56,113,418,515,952
2,0.5,12,117,854,1168,3927
2,0.9,29,191,178,882,311
3,2,52,98,1869,1942,955
3,2.2,37,87,185,776,1109
6,0.5,8,178,170,564,2969
6,2,42,177,454,1975,725
4,1.8,40,185,866,1212,1655
2,1.5,44,180,44,1118,3490
7,1.4,41,80,1331,1388,1774
3,0.5,50,199,1285,1462,3615
8,1.2,41,184,741,1130,714
2,2.8,49,155,520,754,2768
8,0.7,49,165,114,1726,3739
4,0.7,64,170,1153,1876,610
2,0.9,14,199,474,709,715
1,0.8,42,94,39,557,663
3,2.1,64,161,419,1914,1725
2,1.7,5,101,584,775,834
1,0.5,29,177,312,1910,3865
1,2.3,64,182,19,1923,3059
1,2.1,63,83,207,1370,651
6,2.1,18,160,363,994,796
7,2.1,25,115,209,1078,785
1,1.5,21,189,159,724,3252
1,0.5,26,129,649,1104,1322
1,0.5,27,183,1132,1182,2832
5,0.5,13,193,1392,1795,1615
1,0.5,20,138,1001,1224,2125
6,2.3,9,191,712,1442,990
4,2,20,143,418,1023,1595
3,1,7,126,384,1361,1213
2,1.3,47,140,119,652,2500
4,0.8,18,106,627,935,2801
3,1.2,47,91,1086,1345,3451
1,2.3,48,114,195,1292,1201
1,1.4,36,182,14,1256,3139
7,2.3,22,169,745,1364,1938
3,1.8,54,109,253,1786,3185
6,2.4,2,106,333,1429,2111
8,2.9,17,193,629,682,2369
7,2.7,37,120,707,1199,3625
1,2.1,6,86,1314,1688,1051
4,1.3,52,196,1715,1898,1036
5,2.8,10,184,513,1438,2938
6,0.6,3,185,13,1463,2855
1,1,57,118,1243,1584,2727
3,0.5,42,149,300,1059,2973
1,3,44,117,58,1253,2581
5,2.8,2,123,1107,1442,2690
8,1.7,33,191,134,939,916
8,0.5,8,138,275,986,2563
7,2.1,19,148,176,1029,3359
4,2.9,64,181,1236,1280,941
1,2.1,17,199,336,898,2280
7,2,50,194,1116,1381,827
5,0.9,62,175,1010,1565,473
7,2.3,61,86,205,1299,3865
7,0.8,21,91,1453,1726,1274
2,0.5,57,172,788,1331,364
2,0.7,32,171,1301,1922,3699
4,1.5,21,187,463,1038,2927
4,2.6,36,195,188,992,1470
8,1.7,2,92,1028,1186,1050
6,1.6,9,162,1419,1920,2616
8,2.9,34,99,1471,1866,2915
1,1.4,46,178,168,981,2686
6,0.5,52,185,1125,1195,1243
2,2.9,52,183,130,1706,3264
7,1.1,36,131,481,749,2261
5,1.5,55,138,1411,1711,2993
7,1.7,58,135,79,681,706
5,2.4,42,115,1187,1974,2542
7,2.6,30,189,561,1510,2523
2,0.6,26,151,96,814,336
6,1.3,14,97,77,1025,2457
4,1.5,19,166,493,1247,418
2,2.2,46,145,1173,1814,3917
7,2.7,8,166,964,1233,1246
7,0.5,48,142,634,642,2971
3,1.7,59,174,639,721,2324
2,3,54,187,127,1670,3121
1,1.9,33,191,431,550,3801
3,1.8,18,138,71,699,3333
8,1.4,44,187,111,1138,3475
8,0.5,23,146,356,1903,2360
7,0.5,12,144,798,817,2895
7,1.4,63,137,747,1126,3652
6,1.7,26,134,408,1139,3097
7,2.4,39,119,373,926,2101
4,2.3,23,162,1362,1506,3918
7,1.1,9,145,475,726,3869
4,1.6,57,195,743,1753,732
2,0.5,7,141,447,794,3684
8,2.5,57,91,42,1161,3969
2,1.7,33,173,30,1350,1414
4,2.5,28,131,162,619,1892
1,2,42,169,347,660,3131
3,1.9,7,184,346,1468,2532
7,2.7,50,93,727,1705,3215
3,0.5,19,156,180,1476,3323
4,1.2,55,171,1641,1666,1529
6,2.2,13,123,269,1026,2403
4,0.5,34,83,250,1033,3419
5,2,45,95,1186,1529,3648
5,2.4,17,173,77,559,1974
8,1.5,34,142,507,973,2806
4,0.9,51,193,379,1223,2239
5,1.9,5,171,264,956,582
6,2.8,44,112,1486,1797,3890
5,0.8,48,99,694,882,1141
5,1.3,49,101,579,596,2511
3,2.1,25,131,495,574,3838
4,2.8,51,186,315,990,2734
8,2,54,161,329,1053,2330
5,0.8,63,176,548,858,2244
7,2.1,54,176,531,758,1851
2,0.9,4,100,191,1495,808
5,0.5,7,105,823,1104,1587
3,2.2,57,84,96,1352,2492
4,0.7,43,166,841,1304,2122
2,2.5,11,158,195,1205,1122
4,2.3,48,160,21,562,3709
3,2.8,56,182,235,585,3021
6,2.2,47,186,1417,1441,624
7,1.3,24,134,286,1075,3937
6,1.3,20,149,649,1629,1797
2,0.9,28,194,966,1975,1458
8,3,17,126,1172,1798,3348
8,0.5,64,116,270,545,1834
1,2.8,57,165,781,1657,2775
6,0.5,17,153,418,1341,1277
4,2.3,23,111,126,817,457
2,0.5,50,134,228,1058,438
7,0.5,13,82,1091,1203,3210
6,2.8,36,130,1452,1744,985
2,2,3,200,674,740,3701
7,2.1,8,123,398,1133,1052
8,2.3,57,135,449,889,1175
7,1.8,11,146,1184,1719,1070
7,0.7,3,134,675,1285,3411
3,1.4,26,156,1792,1850,1175
7,0.9,3,198,177,1905,301
2,1.8,28,183,1013,1158,489
2,2.7,64,145,1058,1325,1733
5,2,62,114,592,772,2756
1,2.5,51,195,810,1743,2612
8,2.3,51,158,533,882,1724
2,0.5,35,84,558,1208,2190
3,1.7,54,107,681,1050,1900
3,0.5,34,98,1017,1366,3915
6,0.9,25,178,765,899,1043
7,1.3,64,154,1176,1224,3817
3,0.9,48,94,947,1131,2362
3,2.1,41,95,1314,1884,1107
5,1.4,53,84,609,1370,2982
5,1.2,28,106,754,1497,2042
4,0.5,44,186,619,867,1343
7,2.3,43,170,453,681,2610
7,1.7,6,162,205,884,2335
8,0.5,51,165,282,1358,1614
2,1.5,13,109,130,998,1138
8,2.4,40,122,494,1989,604
3,1.6,42,118,275,862,3652
4,0.5,37,176,447,1785,3955
8,1.6,4,133,281,799,258
7,2.9,18,153,6,793,1066
1,0.5,61,96,292,695,1731
7,0.5,48,87,164,728,3860
5,2.8,16,100,631,1940,3630
3,2.5,45,174,897,1304,1965
4,0.5,60,104,268,1078,1459
3,0.9,22,115,861,1259,2323
4,1.2,2,120,331,790,3291
1,0.5,61,159,1064,1594,3272
4,2.1,26,101,509,548,918
4,0.5,15,132,622,1256,3488
4,2.2,58,128,957,1911,3961
6,2.7,56,114,494,1649,590
1,0.7,34,95,236,1264,3701
5,1.3,3,83,980,1262,463
2,0.5,43,148,1789,1972,3644
6,1.5,27,142,831,1484,1713
4,3,41,200,902,1090,429
5,0.9,2,145,636,1259,2765
4,2.5,27,169,831,1439,2084
5,1.8,20,186,518,592,1125
3,1.1,48,109,233,1777,2048
6,2.7,17,174,725,870,1223
1,2.8,31,132,170,1106,3672
7,2,17,195,157,948,3100
8,2.8,50,124,1142,1393,343
5,2.4,15,155,840,982,1970
5,1.6,39,131,401,1586,2728
3,0.5,5,124,395,1579,3635
2,0.5,31,186,48,644,2180
3,1.7,33,172,982,1157,2488
2,1.3,34,104,478,539,3864
8,0.5,54,104,581,750,1155
6,2.5,32,170,1215,1472,3566
7,0.8,6,109,594,1337,864
7,2.2,32,176,683,1663,869
2,1.4,29,119,536,861,591
1,0.6,19,159,83,773,1333
7,2,23,123,905,1313,2208
3,0.5,15,83,249,1849,2610
5,2.2,59,185,803,1613,2819
3,2.3,44,134,459,1259,1955
4,1.3,50,151,584,1151,3416
1,2.5,10,160,1596,1807,3803
1,2.3,7,192,418,1763,574
4,0.5,45,166,364,1029,2129
6,2.4,9,103,946,952,1948
7,0.7,2,90,186,654,2978
8,1.3,12,200,1428,1827,1619
3,2.4,61,134,1613,1916,3716
4,1.4,57,154,1127,1924,3454
3,1.8,19,187,691,1580,3777
1,0.5,55,91,1802,1942,2712
8,1.1,46,135,751,1582,1434
3,1.7,14,146,859,1234,3968
5,0.5,51,117,187,517,3383
2,0.5,23,86,206,1917,3278
8,1.4,26,100,1673,1759,3970
8,0.5,54,145,710,939,2674
4,0.5,27,190,1331,1463,2776
2,0.6,61,129,263,848,2336
1,0.9,12,114,97,1803,2430
6,2.6,38,119,129,915,891
5,0.8,8,193,1213,1354,728
5,2.6,30,148,189,1143,3886
4,0.5,17,182,628,632,1711
7,1.6,16,117,320,899,2856
8,1.9,31,152,837,1642,2447
6,2.4,37,161,1087,1450,814
4,2.4,49,193,781,1463,2951
6,2.2,53,186,251,1013,3653
8,0.5,51,137,262,1587,1891
1,0.5,16,166,767,1665,701
4,1.2,38,176,1226,1815,3139
8,0.6,39,184,389,739,2811
5,1.9,21,160,920,963,1701
2,0.5,16,194,1027,1508,1853
6,1.9,19,185,271,1000,2445
8,0.5,50,181,369,544,2287
2,0.6,31,146,1258,1627,2003
1,1.1,7,192,417,759,3595
2,0.8,35,83,1345,1416,1726
5,2.1,45,89,613,1088,3952
8,2,41,190,912,1596,850
8,2.9,43,101,666,760,1446
8,2.3,45,113,236,857,1300
4,1.6,21,160,186,1100,719
5,2.2,26,123,416,676,988
8,1.2,53,180,430,658,2606
1,2.1,32,200,168,1239,2912
1,1.9,30,102,1467,1901,2339
1,2.4,13,169,179,1813,1028
8,1.3,61,90,159,1578,3173
2,0.5,14,191,120,1878,1667
8,0.5,13,190,762,1864,1897
6,0.5,3,143,600,1109,1214
6,2.8,38,90,286,1171,3269
7,0.5,32,113,1350,1949,445
8,1.2,30,83,27,1722,1073
2,1.3,52,118,1597,1920,665
2,2.8,50,121,1177,1809,3129
2,0.7,34,150,402,964,3501
5,0.8,8,169,577,1237,3461
6,0.9,32,180,52,1082,3206
2,0.5,46,115,364,828,3717
1,0.5,55,171,934,1241,3917
7,1,24,80,250,545,861
5,0.5,20,129,214,1710,2885
1,2.3,6,170,612,1793,2777
5,1.1,24,112,1111,1463,1017
4,2,23,82,163,1100,980
1,1,23,92,202,1951,2775
8,1,19,95,729,1704,3309
3,0.5,18,88,1079,1897,3607
5,2.9,24,169,361,809,1257
3,0.6,5,198,338,1306,759
3,2.6,5,166,1698,1771,3720
3,2.3,58,88,1052,1536,475
1,2.7,29,80,1108,1509,1122
4,0.5,40,147,951,1545,1336
8,1.4,40,185,1197,1987,1185
5,1,17,196,473,1022,705
5,0.7,35,181,1294,1337,3169
1,1.4,39,182,410,522,3483
5,0.5,64,175,178,1883,1183
3,2.8,55,118,782,1787,3373
4,2.7,54,151,434,910,2801
3,0.5,58,142,464,781,565
2,0.6,25,145,137,1501,3153
8,1,11,163,492,1176,3421
5,2.2,3,173,1250,1285,316
7,2.3,11,193,385,583,448
6,2.9,40,169,427,684,2366
4,0.8,44,85,1024,1838,3881
8,2,12,122,240,904,462
7,2.3,7,128,886,1552,1480
2,0.5,28,163,1233,1854,1087
5,1.5,56,139,183,559,2711
7,2,20,81,88,1682,2144
7,1.5,35,188,1016,1383,1165
8,1.5,16,128,80,655,2998
4,2.6,46,102,611,1715,2249
3,0.9,56,179,569,906,752
2,1.9,4,190,304,637,1409
7,2.1,30,184,276,1230,3072
3,1.6,24,125,1131,1315,1305
7,0.6,21,145,551,599,3597
8,0.5,44,172,436,1302,3132
1,1.8,34,162,553,727,3856
1,2.7,39,98,1391,1787,1524
5,1.8,16,166,981,1096,3673
2,2.3,21,196,680,1173,3293
4,2.7,5,126,687,816,3035
6,0.5,36,197,1060,1970,584
7,0.7,2,138,217,1101,2675
1,1.3,30,114,1140,1654,2382
4,1.5,48,150,304,1191,1391
4,2.3,54,131,504,1089,2346
3,2.2,30,185,832,1033,606
3,1.1,34,130,935,1781,1324
6,0.5,58,107,446,901,1076
8,0.7,35,118,942,1701,643
7,1.8,21,123,897,1308,783
5,1.1,26,101,1208,1232,3809
8,2.1,19,154,159,630,2104
3,1.2,54,185,632,1184,1762
6,2.9,9,87,1308,1991,3137
3,0.7,15,160,1002,1256,1756
7,0.5,9,111,1331,1917,3663
8,0.5,27,147,150,510,2437
5,0.5,43,143,1248,1511,1432
8,0.5,47,167,108,1813,1620
5,0.5,14,112,320,747,1655
7,0.8,3,178,437,1947,2832
6,2.5,31,95,295,935,961
3,0.5,46,149,1058,1421,2608
5,1.9,3,171,79,1652,514
8,1.3,14,167,593,672,2304
5,0.5,60,132,693,1031,933
1,2.7,25,189,300,527,1896
4,0.5,53,121,234,739,3655
1,2,35,136,1545,1596,1973
7,2.6,64,128,59,575,3278
8,2.5,15,107,1103,1364,2183
7,1.7,25,182,91,1478,824
7,1.6,35,186,177,1282,2598
3,0.5,54,81,58,1353,1254
8,1.5,7,146,447,1435,3622
7,2.1,14,148,942,1651,1704
4,1.4,45,132,88,516,1624
6,1.1,50,179,371,1000,3809
4,0.6,50,117,1446,1754,2574
3,2,36,179,181,1703,950
8,3,21,192,1311,1935,273
3,0.5,46,200,1791,1898,446
7,1.2,61,120,1568,1832,1510
4,0.5,26,147,706,721,1122
4,0.5,33,128,871,1048,707
8,2.2,44,198,1074,1873,751
3,0.5,48,191,501,1465,3393
6,1.8,11,124,271,1477,3771
4,0.5,3,168,920,1748,1851
4,1.7,27,102,1171,1383,2735
7,1,62,104,293,1159,2253
7,1.6,32,165,833,1630,452
5,0.5,32,151,485,857,1419
3,2.6,45,190,182,1293,969
1,2.5,22,145,207,1162,3441
2,0.5,64,103,1698,1747,3786
6,0.6,13,106,165,736,2710
6,1.8,12,169,1086,1418,3533
5,2.3,60,144,192,757,1735
7,2.7,12,103,1156,1750,3587
7,0.6,34,102,377,549,2298
1,0.8,41,89,709,818,2027
7,2.5,27,127,729,974,2406
3,0.5,31,108,543,938,2419
7,0.5,25,131,553,1505,995
5,2.7,60,154,526,1116,2078
2,0.5,19,159,637,991,1145
4,2.9,41,155,113,577,626
6,0.5,57,155,1114,1374,1509
5,2.7,26,164,461,1251,3371
4,2.6,52,85,1430,1747,297
5,1.1,38,198,304,1674,3508
8,1.5,23,183,471,800,2385
1,1.4,33,105,806,1016,1301
3,2,57,81,80,1327,2167
5,1.3,43,116,204,501,3914
6,0.5,22,119,545,1621,2312
5,0.9,17,93,112,858,2297
3,2.9,19,176,1331,1532,411
3,2.1,2,193,1055,1294,665
1,1.3,62,130,609,810,3226
1,1.5,48,113,290,811,740
5,0.5,39,185,1039,1318,3878
7,2.5,20,135,1485,1655,3406
7,2.9,30,112,1122,1702,2440
5,1.2,50,108,462,1013,3959
6,2.2,49,154,1384,1883,3703
2,2.8,35,165,1502,1862,3714
7,0.7,21,169,589,1301,337
2,0.8,25,183,82,1605,3176
8,1,20,112,68,718,1205
2,1.6,28,150,689,699,2473
7,1.3,2,169,208,1742,1229
2,1.4,9,114,1339,1558,2896
3,1.3,11,144,722,766,2039
4,1.6,6,133,717,1799,520
3,2.4,3,121,433,1658,1378
5,1,49,140,1298,1666,3254
7,2,37,184,186,1998,1803
2,2.3,52,145,1397,1491,2501
4,0.5,8,192,618,1891,3762
7,0.5,61,89,1214,1262,1796
8,0.5,54,159,613,650,990
3,0.5,51,197,649,907,2630
6,1.9,45,175,193,1234,1380
7,1.7,58,128,22,519,3487
3,0.6,7,122,1464,1595,1201
3,1.6,21,113,280,895,3015
1,2.8,43,158,690,1589,3204
6,0.6,2,172,39,1564,433
1,2.1,49,125,337,1384,1906
7,0.5,42,98,1036,1611,898
7,1.4,61,96,1347,1733,2799
7,0.8,13,105,22,1634,2020
4,0.5,25,86,327,922,770
6,2.5,57,185,778,1291,305
7,2.4,42,187,482,874,2953
7,1.9,34,182,591,1089,1671
3,1,15,138,229,1604,2574
6,2.9,35,141,901,1162,3772
2,1.2,37,102,715,1648,2870
6,1.2,8,195,172,910,2577
1,2.8,18,83,681,723,2246
1,2.8,58,157,867,999,2405
8,2.1,16,168,286,1300,3377
1,2.1,43,185,451,819,3619
2,0.5,17,142,1119,1238,1184
3,2.4,4,96,526,643,2965
3,2.4,45,157,1299,1633,3713
2,2.9,53,130,217,735,3798
2,1.6,16,165,1109,1226,1026
6,2.6,5,186,434,1339,1086
4,2.5,51,122,671,1445,2236
1,2.7,45,185,1404,1424,1303
5,0.7,63,155,856,883,3048
3,0.5,11,131,381,1452,616
6,1.3,12,105,85,806,3764
3,2.9,34,171,562,849,419
6,1.6,58,138,1111,1812,2858
4,1.7,39,164,209,947,504
5,2.8,49,142,997,1605,392
7,0.5,56,129,91,1916,820
8,1.8,14,143,730,1895,3387
5,2.3,15,144,606,1123,3447
7,2.1,7,174,445,1409,1403
2,0.9,16,80,286,1484,2295
6,0.5,27,197,985,1005,1973
6,2.2,30,106,1617,1675,3755
2,0.5,25,196,375,1724,2073
8,2,64,163,1795,1958,3872
2,0.5,23,145,486,1930,302
2,0.8,27,121,757,1518,1519
1,1.9,50,198,273,1704,2549
7,2.4,45,124,491,589,404
3,1.1,63,166,762,859,595
2,1.1,18,160,448,821,1663
7,0.5,58,161,231,1671,2764
1,0.6,8,136,1713,1865,2614
8,2.5,11,83,438,822,1094
5,2.2,11,139,68,1018,2826
7,3,50,97,698,829,2496
2,2.1,50,181,510,522,2103
1,1.8,14,146,965,1009,966
4,0.7,47,110,1399,1564,2172
8,1.1,56,187,532,1448,905
3,2.8,55,124,8,896,3916
2,1.4,42,179,154,605,3902
1,1.1,2,187,198,1056,2487
3,1.9,55,188,860,1330,3914
5,2.9,46,181,461,670,363
5,0.5,24,199,109,1909,3233
6,1.4,38,102,193,1185,2532
6,0.9,53,108,961,1008,3836
8,1.6,25,92,243,1642,3076
5,2.2,56,145,1626,1668,1513
7,2.6,10,199,480,1482,1724
7,2.1,41,144,123,1229,542
7,0.7,8,100,400,823,3481
3,2.1,22,153,190,1326,3991
1,0.9,20,147,626,932,1790
1,1,3,112,1,926,509
3,2.2,52,161,548,1641,282
4,1.7,6,198,632,660,3006
6,0.5,19,163,349,1051,1913
5,1.6,5,102,1686,1889,1333
3,2.5,21,114,1455,1982,3746
2,1.3,10,163,95,893,3941
1,1.4,10,196,580,1163,3970
7,1.3,44,82,297,589,3925
4,2.7,33,108,951,962,424
5,0.5,8,158,667,697,1284
1,0.6,25,145,1047,1312,277
1,1.3,16,125,408,1862,1713
6,1.5,54,198,1150,1469,485
1,0.5,52,131,333,952,3002
4,0.7,64,97,641,704,418
7,0.9,8,123,653,671,1652
5,0.5,48,168,103,1583,2893
1,0.9,57,188,517,809,1406
3,0.5,61,98,785,1151,629
2,2.7,30,95,531,791,3724
7,2,14,175,564,1391,3835
8,1,52,130,761,1336,1354
6,1,25,88,1179,1638,2376
3,0.6,7,126,673,690,3438
6,0.5,2,150,472,1073,2655
6,0.5,33,101,412,643,3361
7,0.5,4,84,977,1660,3535
1,2.2,27,124,359,1395,2150
3,0.6,43,141,224,783,2587
2,0.5,31,92,714,1208,2736
6,0.5,55,83,195,799,676
7,1.6,9,115,843,1145,2941
8,1.3,21,126,308,1169,3336
1,1.6,33,157,522,563,3796
5,0.6,63,122,364,1360,3654
1,0.5,11,93,806,1423,2934
8,0.5,30,125,518,1152,2889
1,1.5,48,191,519,1577,3315
4,1.6,39,152,792,1181,1993
3,1.7,35,120,382,1228,2509
2,2,34,118,214,1523,3534
8,1.8,16,169,859,867,2246
3,0.5,51,95,342,774,3165
7,2,55,105,713,1513,286
1,2.4,32,200,172,812,776
6,1.8,16,134,118,580,3213
3,1.5,38,94,540,783,716
2,2.3,16,98,18,662,424
7,0.6,63,137,987,1081,3486
4,2.3,58,163,535,697,3237
2,1.1,41,177,1092,1406,1944
6,1.1,8,80,327,1001,643
4,0.8,10,107,517,1995,2317
8,1.3,52,97,994,1500,1436
3,2.8,56,173,491,530,3190
2,2.5,21,133,268,832,2338
8,0.5,29,85,210,1026,1334
3,2,6,127,144,672,3657
5,0.5,15,160,729,1267,2080
7,2.4,35,190,82,670,1609
2,0.5,14,89,188,928,3078
8,1.2,35,127,150,1897,590
7,1.4,11,129,1222,1382,2552
2,2.8,34,197,331,1011,3355
7,2.9,15,177,1178,1929,1968
7,0.7,8,170,347,1076,3358
3,1.9,2,136,75,688,1539
4,2.8,32,143,492,1403,942
3,2.8,9,187,65,734,3669
2,1.6,9,172,881,1234,3612
3,0.5,4,170,351,1159,2351
6,0.7,64,156,1842,1968,604
2,0.8,11,187,758,1165,1285
1,0.6,13,128,1323,1481,515
6,2.9,34,184,1175,1569,654
5,0.6,48,82,1092,1554,2540
5,1.7,53,161,647,1876,3869
2,2.1,18,136,1102,1793,3412
5,2.7,47,185,319,1367,509
6,2.3,21,122,215,1125,2547
3,2.7,30,173,945,1913,2735
1,2.8,22,139,381,1203,1369
6,0.5,39,199,546,828,2942
7,1.3,6,167,1096,1155,2812
4,1.3,31,153,575,618,3497
8,0.5,50,182,519,1545,619
1,2.9,3,200,342,670,3483
5,1.7,36,112,291,563,1475
1,1,8,157,1091,1293,1950
7,0.6,40,198,352,1084,3592
5,0.5,58,107,165,1723,3573
2,2.3,61,116,385,831,2020
3,0.7,32,92,1920,1933,1329
3,2.3,49,100,396,1980,3568
1,1.6,49,100,1134,1469,1947
5,0.5,8,158,721,1514,1998
4,2.7,34,193,687,937,725
4,0.5,12,190,777,1119,3302
8,0.5,46,133,176,1556,3884
6,1.7,27,150,458,1263,1185
2,2.5,26,105,485,1819,1656
4,2.7,53,192,641,1638,2870
3,1.5,45,151,798,1435,911
3,2,17,166,256,1394,3892
1,1.2,27,125,370,1197,3897
1,3,53,87,191,1108,656
3,1.7,45,146,1571,1956,606
4,1.7,30,83,276,1026,1653
4,0.5,12,175,573,614,860
2,2.8,10,155,160,516,2197
2,0.7,23,187,90,1334,3458
4,2.9,53,101,138,806,2066
4,1.8,36,193,983,1230,3676
1,0.6,49,90,275,687,1518
3,0.5,14,198,149,558,1018
3,1.8,35,168,42,507,1360
7,0.5,5,164,793,1670,3449
6,2,60,162,625,765,2524
8,2,30,182,521,1190,703
3,2.6,58,200,1530,1744,1251
1,1.3,8,185,442,1248,582
5,2.2,63,102,152,714,1732
1,0.8,48,144,1242,1973,1252
1,1.5,29,182,29,1670,2146
4,1.9,38,126,501,506,1927
4,1.7,13,155,87,736,3328
7,2.2,55,105,648,1019,2462
2,2.4,13,168,521,674,1172
1,2.4,27,146,120,1409,3598
3,0.5,27,168,985,1420,2437
4,2.8,44,138,341,774,3271
3,1.8,9,94,751,1377,1511
3,0.5,23,119,993,1517,2981
1,0.7,7,113,43,1663,3119
6,0.8,34,88,1262,1538,3647
8,1.2,13,152,361,511,3148
3,0.9,54,130,104,541,2829
3,2.6,46,84,618,940,2373
8,1.6,39,80,815,1666,3998
2,0.5,33,95,1587,1659,316
7,2.1,52,109,138,1330,999
4,1.6,7,153,584,983,1808
3,2.8,8,93,750,772,589
6,1.1,46,93,820,1366,3317
8,0.5,50,107,8,1219,670
1,1.4,42,151,171,507,584
2,0.5,13,166,960,1735,2173
4,1.3,41,135,160,1291,1561
2,0.5,13,199,612,719,2073
6,1.4,46,102,709,1915,1401
7,2.1,38,104,624,917,3764
5,1.6,54,147,538,730,1275
8,0.7,47,157,1295,1808,1464
3,1.5,57,159,1164,1908,2885
8,2.3,6,107,829,1977,3458
4,2.1,52,101,199,1452,3019
1,2.5,36,109,825,1972,1083
1,0.5,33,147,519,930,3538
2,2.9,7,149,169,1190,2493
6,0.5,61,134,1734,1968,3726
1,2.8,7,184,76,1165,1531
7,0.9,55,148,1698,1877,601
5,1.9,8,91,819,1997,2991
8,0.5,19,134,387,671,3912
2,1.7,34,115,985,1284,309
8,2,13,155,970,974,323
1,0.5,46,191,767,1759,1489
3,3,38,162,512,1465,1322
8,1.6,14,102,56,760,1846
2,1.2,52,122,590,661,417
4,0.9,52,84,462,1304,3269
1,0.7,30,138,126,698,3731
4,0.5,54,95,578,1143,667
1,0.5,47,94,655,1782,1241
6,0.5,23,101,1028,1445,3941
5,2.5,58,132,88,1261,1018
2,0.6,59,86,1692,1902,3142
5,2.5,47,89,358,1782,1444
1,2.3,34,89,64,1667,934
8,2.8,58,100,259,1040,3863
3,0.6,44,99,236,1960,3506
7,1.3,19,164,873,1394,1944
4,0.5,11,90,858,1591,348
4,0.7,51,124,1405,1910,550
7,3,20,104,237,890,971
7,2.5,21,170,650,864,3984
5,0.5,45,104,1949,1994,2973
5,0.5,11,82,541,823,2019
7,2.6,19,146,361,1552,1587
7,1.6,48,187,335,1463,1870
4,1.3,27,91,1638,1910,1352
6,0.5,3,91,1109,1392,570
6,1.3,43,177,111,510,546
3,1.6,49,193,1285,1427,3624
2,0.5,10,188,1480,1731,2944
8,0.5,19,197,322,875,1209
6,1.9,29,141,1220,1348,2752
6,3,20,188,511,616,3868
5,0.8,28,132,1011,1263,3087
2,2.6,57,124,629,635,947
3,0.6,50,175,140,622,1484
7,0.6,46,87,1081,1767,347
8,0.5,53,131,297,653,3227
5,2.3,58,104,1512,1716,3299
1,0.5,13,159,275,570,1028
2,1,34,157,1136,1813,714
8,1.3,31,173,1145,1356,2641
5,2.2,51,158,477,1553,1229
4,0.7,19,173,954,1985,2622
2,2.6,6,100,741,1471,929
3,1.4,53,135,547,705,1211
6,1.8,53,186,1194,1208,1653
2,1.7,33,111,146,906,511
4,0.5,52,167,471,663,3034
7,2.8,54,172,169,1916,1414
1,0.5,28,139,1895,1976,2438
8,0.5,63,179,1537,1761,3744
4,2.7,64,162,236,1520,1377
4,0.5,23,164,821,915,3520
4,0.5,59,97,466,1768,3796
3,0.5,61,146,393,1096,1699
3,2.6,58,90,400,631,336
5,0.5,55,156,774,843,1095
3,2.5,49,99,284,519,325
4,2.5,53,146,465,1152,1223
2,1.5,37,199,705,1810,1649
2,0.7,4,160,38,1682,1898
5,1.4,38,159,51,739,2609
1,2.5,18,167,850,1005,2265
6,0.5,43,87,349,676,2775
7,1.2,12,113,387,1595,1445
4,1.4,41,132,706,1623,2614
7,1.4,57,145,951,1178,356
3,1.7,13,97,179,772,523
7,2.5,57,131,426,1964,3745
2,1.7,60,199,653,1413,1229
3,2.8,28,184,1578,1963,1402
5,0.5,46,172,280,1795,2085
7,0.5,14,156,251,1801,587
7,2.1,63,85,1463,1992,2457
3,2.8,52,89,1432,1649,2030
2,2.8,18,135,477,571,816
7,2.8,39,150,1122,1746,1667
7,1.1,63,189,145,1903,2958
5,2.1,5,154,416,1055,3705
8,1.2,30,162,847,893,2800
7,2.1,7,165,868,877,3773
1,1.7,22,88,594,1088,2050
1,0.7,21,88,518,830,1754
3,1.7,35,103,663,1805,1904
5,1.9,37,154,371,541,2705
8,0.9,3,102,1749,1781,3537
5,0.7,27,154,586,722,1370
2,0.7,19,137,409,646,1222
4,0.5,64,106,35,1309,3102
6,0.5,33,160,1008,1758,2268
8,1,18,187,442,1079,2648
8,3,16,175,983,1087,2173
4,2.5,32,151,875,982,3162
1,0.7,28,124,952,1191,1368
1,2.5,51,111,244,1361,2746
6,0.5,18,191,65,1055,619
6,0.5,17,89,1749,1767,724
3,0.5,42,111,716,1626,912
6,0.5,23,123,433,1661,2784
6,0.5,23,92,134,521,793
1,0.5,45,197,179,1247,560
4,2.6,27,137,804,1564,312
7,2.5,41,88,787,1515,545
7,0.7,60,197,704,822,1591
7,1,31,86,991,1638,2746
3,2.3,8,198,379,932,893
6,2.4,62,128,489,710,2514
1,0.8,10,144,1518,1883,1032
5,1.1,39,91,855,1401,819
3,0.8,59,111,1261,1383,3672
6,0.8,24,156,115,1791,3833
8,0.5,23,179,1203,1432,1482
5,2.5,14,105,545,1300,2043
6,2.6,40,118,818,1090,1229
4,2.8,33,129,42,1262,1816
7,1.1,37,126,1103,1637,2166
5,1.1,14,104,168,1068,2469
5,0.5,55,140,719,755,2575
1,2.6,30,152,163,874,1375
3,0.5,55,146,1162,1531,1732
3,0.5,4,105,626,1348,673
2,1.5,18,162,329,656,2301
5,0.6,30,105,330,1434,2676
2,0.8,58,136,956,1292,1781
4,2.6,58,123,1140,1983,2248
4,2.5,62,90,217,1623,921
3,1.5,2,89,271,869,391
7,2.5,10,185,444,1555,1719
5,2,35,159,1003,1827,3262
2,0.5,35,194,227,772,1947
7,0.8,61,130,253,1764,2693
4,0.5,60,90,88,1046,441
5,1.5,14,178,334,594,1886
1,0.5,32,174,1281,1896,1267
3,0.7,57,186,168,1320,687
1,1.3,12,105,898,1687,2890
1,1.8,55,124,46,1069,1737
2,2.5,47,138,118,1170,887
7,2.6,18,86,1187,1595,398
7,2.4,46,138,1191,1347,2389
1,2.3,45,161,526,1324,3431
2,2.3,43,182,346,966,3601
8,0.6,35,102,89,1538,2459
6,1.9,59,148,137,846,3230
2,0.5,57,188,1226,1389,3646
8,2.1,36,107,473,574,2200
2,1.3,64,88,368,607,3862
6,0.5,22,174,239,1636,3077
2,1.8,44,139,622,709,621
8,1.6,58,80,654,882,2372
2,2.2,63,138,853,1781,2574
4,2.9,46,158,686,1305,2857
8,2.2,16,153,992,1433,3143
5,1.3,35,173,115,1352,3197
8,2.1,41,144,275,1966,2727
1,2.1,12,186,461,1178,1519
3,2.1,9,131,1428,1500,2438
3,1.9,54,107,614,1212,2674
5,0.6,50,97,193,989,2107
1,0.6,16,143,1105,1602,2262
8,0.5,5,179,398,1263,815
7,1.2,52,105,480,728,2829
1,1.9,31,151,775,1607,3022
8,0.7,62,134,1482,1490,2573
4,1.8,10,174,154,550,2678
5,1.8,55,129,454,1762,1282
8,2.5,9,155,737,1455,568
1,1.5,14,190,419,556,2074
2,3,8,130,853,1737,2227
2,0.6,60,83,1211,1229,1080
6,1.7,10,200,314,1606,2867
6,2.4,55,86,172,1239,1075
5,0.5,43,153,527,734,3063
4,1.3,24,86,874,1264,2479
3,3,56,196,674,864,2394
3,1.2,31,112,657,1014,2814
7,2.4,51,140,475,500,2094
4,2.6,2,182,1209,1411,2315
4,1,14,154,15,525,2519
6,1.9,12,198,293,1967,735
7,1.5,32,131,813,1377,1891
6,1.5,44,118,173,1843,1386
1,1.3,46,135,457,652,3260
3,2.4,35,103,533,797,2022
8,1,2,102,912,1043,1716
5,1.1,38,116,798,1418,3317
7,2,20,192,412,565,1454
4,2.2,49,101,130,887,2290
5,0.8,61,172,201,656,3940
8,0.5,50,148,299,874,461
7,0.8,21,160,1277,1352,2219
3,2.8,40,178,626,1195,470
8,2.7,28,80,378,751,2495
7,1.4,29,146,333,639,2944
3,1.2,59,159,805,1804,2361
8,2,16,186,1901,1920,1783
3,1.3,40,170,1573,1581,2832
6,2.9,42,182,360,912,931
4,1.8,27,167,20,745,1344
2,0.7,9,127,98,511,3916
7,1.4,44,182,703,1011,1882
5,0.5,51,104,273,1278,2865
8,1.6,15,112,919,1344,757
6,2,51,85,982,1291,3469
3,0.5,57,88,879,896,2399
2,2.2,18,136,1287,1892,3300
2,2.2,3,84,1109,1247,2719
7,2,47,115,211,684,3012
4,1.5,14,187,1058,1109,2836
2,2.1,11,121,532,1247,2385
3,0.5,30,97,290,773,594
4,0.5,7,104,890,1019,2968
6,1.8,24,146,327,645,3762
1,1.5,2,161,1260,1788,892
8,1.9,13,81,570,1422,467
1,2.8,62,158,621,1558,345
7,2.2,40,116,328,1858,3033
6,0.5,9,150,1307,1767,2110
8,2.7,56,125,497,618,3105
6,0.5,62,156,219,1037,874
7,2.3,39,188,1163,1554,3681
2,0.7,52,180,24,759,3865
3,0.5,11,167,468,571,737
7,2.2,10,170,1272,1469,3153
1,0.5,37,147,503,551,2800
1,1.8,27,101,1495,1579,315
8,2.8,60,187,1333,1838,1412
7,2.8,2,115,267,1841,2286
2,1.8,34,140,149,876,2392
2,2.8,49,185,1070,1079,1857
7,1.9,26,116,206,620,1419
2,0.7,58,123,158,747,3305
6,2.4,32,88,48,1012,959
3,2,35,105,249,522,2635
5,2.7,45,194,935,1499,1754
3,0.5,57,84,140,768,2563
4,2.5,41,96,184,740,1936
8,1.9,22,196,238,807,1869
5,1.6,50,186,800,1089,3637
3,1.8,20,142,211,507,896
3,0.7,51,132,670,804,2349
1,0.5,5,134,725,1335,774
3,1.7,58,168,81,1544,3397
8,1.6,2,181,1211,1378,485
4,2.5,24,148,1362,1378,3964
4,0.9,11,181,945,1923,1887
3,0.5,32,107,1043,1702,2977
7,1.8,56,185,444,739,2114
2,0.7,29,123,311,1796,1542
8,0.5,57,181,812,1456,3038
7,1.4,51,163,202,1884,2481
3,0.5,9,140,531,707,841
4,2.1,24,135,404,898,3565
6,2,5,146,954,1609,1958
8,0.5,27,87,274,603,2454
1,1.6,37,172,956,1723,3392
3,2.6,56,184,1438,1593,262
4,0.5,6,194,1446,1988,530
3,2.5,35,126,692,1057,3703
1,2.5,55,109,777,1032,2562
1,1.7,64,161,1157,1951,574
4,1,16,130,454,1473,2632
2,2.7,20,173,478,1477,259
1,0.5,10,198,217,1106,688
6,2,36,145,468,741,2554
1,2.6,61,88,1107,1656,3859
5,0.5,62,170,626,1134,2977
7,0.5,40,186,485,922,571
7,0.5,55,86,43,627,402
5,2.5,32,114,322,1385,878
1,0.9,4,85,880,1145,2130
2,1.6,39,146,1511,1756,3260
8,0.8,7,88,667,711,454
7,2.3,35,152,765,1899,2638
8,1.6,24,156,614,679,2819
4,1.2,50,144,925,1252,1464
6,2.8,59,113,1185,1387,1824
8,1.6,47,139,1706,1886,876
7,2.5,21,164,347,1477,2706
2,0.5,20,126,1603,1930,659
5,0.5,29,124,806,860,455
2,2.8,54,163,1207,1539,2378
1,1.7,41,103,431,1144,2278
5,1.8,43,113,179,613,3436
6,0.5,31,88,423,909,3424
6,2.5,49,99,1131,1743,401
2,1,52,126,925,1469,681
6,0.6,6,136,62,544,3212
6,0.5,13,185,800,873,3105
6,0.5,52,105,211,947,2036
7,0.5,49,139,81,1389,3153
4,1.6,7,101,667,798,1642
1,1.4,60,181,405,519,509
8,0.5,20,172,678,1676,3465
7,2.3,27,153,1619,1651,3900
1,1.8,12,123,935,1147,1105
1,2.2,39,84,864,1011,2064
1,1.8,13,131,1495,1688,3117
3,1.5,7,96,870,1613,1142
1,1,4,111,1379,1469,1060
2,0.8,19,143,1055,1738,2381
3,0.6,54,134,220,1838,3366
6,2.9,42,126,419,1261,1339
4,1.8,31,87,1111,1362,2560
2,0.7,25,91,1097,1461,285
7,1.6,12,131,447,819,2476
1,2.7,46,118,273,1062,1862
1,1.5,6,170,590,997,3488
8,1.4,8,142,116,598,3178
8,2.4,37,156,306,564,733
7,0.7,23,110,300,1316,756
1,0.6,58,170,1259,1746,3622
5,1.6,12,174,1573,1694,1277
6,1.4,6,158,1392,1783,3703
6,0.5,10,81,113,1524,1905
6,1.2,15,178,526,1728,2636
5,2,12,158,1209,1678,2014
2,1.8,9,100,655,828,3056
3,1.8,19,168,1123,1622,465
6,1.3,49,141,692,979,3869
5,2.8,28,165,796,1052,1108
5,0.5,58,130,1021,1958,1906
4,2.8,46,84,995,1310,851
7,1.2,60,172,1244,1504,3142
4,0.6,31,125,293,970,1300
5,1,36,177,1240,1931,1430
8,0.5,59,146,759,1858,362
1,1.5,56,95,398,1528,2456
8,2.8,44,137,358,791,2360
7,1.9,42,133,403,1614,3700
7,1.4,2,153,211,1409,2620
3,0.6,52,178,194,1437,437
2,1.5,6,164,1076,1472,3774
2,0.6,19,192,1238,1418,1218
5,2.6,5,162,229,1004,696
2,2.6,33,198,327,1683,3407
7,1.7,58,86,135,1892,3902
8,2.3,30,80,5,1744,2086
3,0.8,42,84,715,1163,1356
5,1.7,26,177,511,621,1704
3,1.3,6,85,549,1383,3571
5,2.3,5,129,420,784,2132
4,2.6,44,103,838,1066,3209
1,0.7,23,156,314,1400,2096
4,1.1,6,198,739,1766,1273
5,0.5,27,112,62,846,3623
2,0.5,41,131,3,1662,368
3,0.6,32,135,963,1520,854
6,2.6,59,136,1438,1923,3646
4,1.1,17,157,1621,1773,3130
1,0.5,5,152,19,501,3784
7,2.3,17,124,887,1274,3885
7,2.3,13,121,567,986,1494
5,0.5,29,149,584,676,2973
6,1.9,20,185,496,974,1471
2,0.5,27,86,1245,1309,2001
5,0.9,42,123,682,888,1486
3,0.7,47,182,724,794,1321
8,1.2,17,95,1384,1454,1877
5,2.3,22,173,257,1654,3499
1,1.9,39,142,17,1084,2124
3,2.8,60,82,983,1210,1221
8,1.3,29,194,439,1306,2316
4,1.8,16,170,925,1206,1068
4,2.9,24,94,409,603,1930
7,2.9,14,196,293,952,1316
8,0.5,47,130,384,1878,1742
8,3,34,125,149,1285,3265
4,2.5,5,98,447,568,2700
4,1.5,36,104,717,1206,2115
2,1.3,12,178,195,533,3915
8,0.5,16,94,153,696,3144
7,0.5,58,150,1699,1850,1571
5,0.6,44,131,501,640,2253
6,0.5,10,145,530,1496,1433
5,0.8,42,128,396,1378,2583
5,0.6,42,151,670,1552,1817
2,0.5,51,144,193,887,2915
8,2.8,18,178,351,1769,3340
7,1.3,7,168,846,855,2790
4,1.2,14,191,111,1167,577
2,0.9,14,173,1213,1386,3220
1,1.6,26,150,755,1284,3488
4,2.4,14,92,1406,1517,1277
2,0.5,2,148,497,627,3593
8,2.5,42,124,1826,1836,2736
8,1.2,31,196,50,1356,2311
8,1.3,63,109,817,941,1464
2,1.3,9,192,901,1793,1355
2,2.3,40,123,212,1269,2382
4,1.6,57,111,329,1039,1886
5,0.5,31,145,837,1182,832
6,0.7,28,151,248,884,751
5,1.5,27,113,632,1162,436
1,2.2,42,82,366,613,722
1,0.5,12,114,174,518,1075
4,0.5,39,161,882,1195,2802
2,1.9,11,188,688,1591,1780
4,0.8,14,197,263,1345,1247
8,0.8,62,117,118,764,3066
8,2.3,51,200,1012,1226,403
5,0.5,23,192,586,1552,2518
2,0.5,15,168,294,1233,1069
4,1.7,6,169,818,1827,2651
7,2.8,40,99,426,865,2974
5,2.3,52,100,151,1133,657
2,1.4,32,103,409,644,3372
5,1.9,63,93,641,1156,1464
4,2,24,86,958,967,1326
4,2.6,49,199,1328,1970,3393
2,0.5,57,135,354,530,323
1,2.9,62,106,1709,1781,1628
8,2.9,33,132,1099,1553,2610
4,2.2,56,179,783,1227,3721
8,2.8,50,100,194,1393,763
3,0.5,10,184,238,1893,792
5,1.9,2,133,919,1076,1568
4,0.5,29,182,758,891,1276
4,1.6,52,90,1039,1273,3472
4,1.1,17,160,1054,1393,2520
2,0.5,63,111,122,686,3423
6,0.5,52,120,100,1708,258
5,1.9,42,106,1221,1804,1868
3,2.5,14,197,312,1376,2171
5,0.5,28,182,599,1073,780
1,2.1,6,103,1274,1340,712
8,1.6,30,160,62,581,1012
4,2.4,28,166,315,1796,318
6,1.5,26,137,1123,1709,3948
8,1.1,14,99,1878,1981,629
7,0.7,29,157,318,831,1161
8,0.5,35,99,574,1267,1403
4,0.5,13,133,1353,1915,3707
8,0.5,55,124,86,1681,1305
4,1.5,18,119,340,1728,2926
3,0.5,27,144,602,1156,2674
2,0.5,40,184,963,1062,471
8,0.5,21,95,127,507,1724
4,2.3,60,171,142,1039,1220
2,1.5,63,111,274,1079,2754
5,0.5,33,110,371,682,594
2,2.3,54,101,788,1007,1005
1,1.9,14,115,395,1027,2439
4,0.5,30,145,643,1527,2302
2,0.5,15,81,854,935,1083
8,2.1,10,109,1335,1873,2219
7,2.7,32,126,1541,1619,1571
4,1.4,15,101,382,1163,2107
5,0.5,2,100,846,1144,593
8,1.9,50,119,960,1925,857
5,2.1,44,95,154,941,3518
4,0.5,58,160,468,694,1284
6,2.7,19,147,1094,1496,545
6,1.3,6,149,272,870,3566
1,2.1,34,173,165,1103,2821
7,1.4,59,183,394,1301,3442
6,2.4,6,92,629,1299,1309
6,2.5,19,88,831,1713,1179
8,1.4,37,80,903,910,1713
3,2.1,9,169,923,1759,1663
8,2.8,10,81,362,1250,1812
4,1,41,172,693,850,1384
8,1.7,44,172,1250,1435,1348
4,0.7,27,80,1135,1923,3957
8,2,14,180,66,1448,1212
8,2.2,24,151,924,1877,3925
6,0.5,32,115,204,1132,348
5,2.5,40,109,376,1957,1382
2,2.9,18,141,1083,1492,980
3,2.8,16,154,229,1473,838
3,2,31,91,875,1316,378
4,2.2,22,135,35,991,909
4,0.9,13,92,18,903,3632
8,2.9,64,186,103,646,3396
5,0.5,53,196,105,588,1861
6,2.5,27,90,168,540,348
4,2.5,13,98,18,1004,2528
8,0.5,5,169,659,730,2190
8,1.4,6,190,534,855,663
6,2.7,11,185,285,512,961
4,2.5,44,113,482,1098,1280
8,0.9,50,141,1571,1717,2189
3,0.5,55,140,605,1193,531
4,0.5,12,121,158,1657,2331
5,2.1,31,114,1573,1639,794
1,2.8,50,173,127,620,2644
1,0.5,22,198,343,1431,1666
4,1.5,57,159,289,724,2157
1,2.1,44,151,1703,1880,1196
6,0.9,33,150,1482,1591,2072
1,0.5,42,91,907,925,1590
8,0.9,11,190,491,1506,2916
2,0.5,31,120,287,627,3707
6,0.5,10,198,1151,1723,726
2,2.3,44,184,1024,1363,3577
6,0.8,28,158,1085,1134,2627
4,1.7,20,146,991,1803,685
6,2.6,33,110,1052,1897,1693
6,1.2,40,175,1078,1564,2137
8,0.9,10,153,98,977,3696
3,0.6,33,89,396,1648,3771
4,2.2,40,94,323,978,1342
3,2,20,148,410,1551,1379
3,2.1,11,197,1750,1857,1164
1,1.9,63,88,1475,1988,908
4,1,10,127,1836,1873,1019
6,2.6,29,113,283,676,3685
1,1.1,5,98,539,1240,1470
1,1,2,189,440,563,2299
8,2.7,39,151,397,800,999
1,2.3,44,149,204,1021,3011
1,2,54,117,347,727,3142
6,1.5,12,114,1003,1284,1543
4,2.1,40,99,0,1987,3692
6,2.3,31,145,264,519,2753
2,0.6,50,158,543,703,2156
5,0.5,9,150,467,675,2637
8,2.3,21,104,875,925,331
3,1.2,22,125,1116,1724,1214
7,0.5,3,196,1325,1945,2248
5,1.3,36,196,1313,1331,3073
7,1.2,8,134,552,1802,422
3,0.8,12,102,335,679,2293
1,1.9,2,103,50,1105,3958
1,0.5,29,130,593,1327,432
8,0.5,48,120,268,1010,1152
6,2,26,118,382,1364,1303
2,3,20,169,443,892,797
8,0.5,40,179,576,884,298
6,2.9,20,147,596,679,3847
3,1,64,160,115,636,2110
3,0.5,43,176,356,1407,1921
2,0.7,60,107,10,1567,2423
2,0.5,15,132,1399,1684,1658
8,0.5,21,160,68,584,2361
4,0.7,60,157,643,790,1380
6,1.4,4,163,809,1988,3892
5,1.8,8,160,683,1349,315
4,1.5,36,151,56,527,2289
7,2.5,11,185,492,818,2182
6,2.8,23,105,699,1492,2184
8,1.6,48,92,290,804,2872
6,0.6,35,87,23,826,2367
4,1.5,3,155,394,849,1919
5,2.3,34,84,713,1742,3296
8,2.4,14,81,1063,1205,462
1,0.5,27,123,1421,1463,1591
2,2.6,20,122,623,816,1593
7,1.9,42,101,83,816,2456
4,1.4,14,199,1563,1692,2933
7,2.2,22,197,777,1995,3154
2,3,60,180,83,559,3615
1,1.6,24,87,203,915,3563
8,0.5,33,147,938,1226,1440
2,2.4,57,117,1077,1183,1907
1,2.3,38,89,773,881,324
4,1,50,104,332,866,1404
4,2.5,8,169,570,1645,2738
3,0.5,60,156,742,821,2722
8,1,12,103,1420,1539,2294
1,2.8,30,193,1801,1923,1424
8,2.2,55,189,1693,1790,1133
6,2,58,101,31,1536,555
6,2.3,9,183,1098,1373,3785
7,1.3,59,84,1765,1786,3675
5,0.5,38,86,887,1775,435
8,1.9,11,193,760,1964,3183
2,1.8,6,199,486,1032,3495
3,0.6,57,86,2,660,1853
4,0.8,16,138,202,1787,2648
7,3,19,160,90,1614,2647
8,0.7,30,146,469,853,702
2,0.7,5,189,86,1546,1836
5,1,18,182,1180,1350,3894
2,0.5,30,111,140,1046,2944
8,0.5,44,89,1100,1437,3424
1,1.8,40,177,194,892,2678
8,0.5,15,100,440,569,2424
6,2.2,20,82,1563,1803,2671
1,0.5,27,199,163,1011,3078
3,0.5,15,92,192,1311,2304
2,1.6,45,159,837,1405,1146
7,1.3,39,108,356,588,2335
7,0.9,23,155,155,663,1422
8,0.7,55,140,1032,1776,2096
6,1.9,18,153,40,1435,1303
2,1.2,36,151,1194,1727,1115
5,0.6,42,192,1179,1262,456
8,1.4,43,104,902,969,3396
2,1.2,28,130,58,963,2750
4,0.5,54,112,1385,1780,941
6,2.9,2,95,614,1617,2278
4,0.5,26,172,672,1088,2273
5,2.3,14,191,1088,1718,2355
1,1.9,50,146,499,695,2328
2,2.2,28,182,157,763,2638
6,0.7,23,178,485,1399,558
4,0.5,39,124,571,817,1345
2,1.5,12,154,431,542,425
4,2.9,16,115,499,1090,2192
6,2,14,135,563,1055,3397
7,2.4,3,93,944,1003,1208
2,1.6,27,124,1138,1491,267
4,0.7,34,113,161,647,3518
8,0.5,16,164,126,1575,3122
8,1.9,43,124,15,1196,1050
2,1.8,56,136,500,1713,3358
8,2.7,42,138,203,1771,2929
8,1.5,12,153,961,1950,624
1,1.7,49,132,608,1970,1598
5,0.5,24,155,277,1155,2052
6,2.6,15,120,114,1849,1249
2,1.9,54,154,630,738,412
2,2.4,19,122,404,1742,595
7,1.7,19,167,248,755,263
8,2,22,86,225,1234,2577
4,2.4,46,193,699,851,639
1,0.6,2,141,649,895,3206
5,2.6,26,159,416,1658,1550
2,0.5,31,171,1310,1420,1646
4,2,35,200,930,1983,1930
2,1.1,11,87,835,1175,3695
8,0.5,36,87,664,1806,3235
6,0.5,7,191,460,1583,2334
4,0.6,62,187,778,1615,1998
1,2.2,7,142,225,1545,2258
7,0.6,42,121,785,1118,1869
3,3,30,127,1581,1713,1825
5,0.5,5,165,9,1944,3946
7,2.8,8,103,7,1294,436
6,2.9,53,112,174,1175,2678
1,0.5,59,80,437,638,3887
4,2.1,35,172,278,623,1813
2,1.2,27,134,1288,1372,817
1,1.6,24,101,979,1190,3614
8,2.2,39,119,56,1931,2013
5,0.8,5,154,913,1429,543
8,1.9,27,174,282,710,3400
6,0.5,17,89,322,710,2623
4,1.7,33,105,1252,1963,2700
2,0.8,21,116,1128,1702,1400
5,2.3,58,170,606,688,3127
5,2.7,44,175,655,1459,2803
5,2.3,15,150,954,970,2518
6,1.2,6,191,68,1042,3564
1,1.6,37,145,134,1197,2515
3,2.8,40,117,922,1836,3654
8,2.7,24,135,1874,1976,3930
7,0.5,39,89,251,599,3476
1,0.8,41,192,1362,1853,3242
6,0.8,52,82,281,1159,2666
8,1.1,48,97,224,1994,1695
3,1.4,15,189,778,844,3510
8,1.1,17,161,546,1424,3438
4,2.7,41,97,397,891,2033
1,1.5,62,182,386,1046,1017
2,3,38,193,214,1970,1686
5,2.7,58,135,461,833,862
5,0.5,11,81,125,675,957
4,2.9,16,89,335,1009,3494
4,2.6,56,165,342,1641,3083
6,1.2,30,131,625,761,1656
2,2.3,34,165,494,509,313
8,0.5,20,179,1145,1487,3282
6,2.9,47,186,600,1042,3629
2,1.7,44,169,484,711,1687
4,0.8,28,182,199,679,1149
3,2.8,62,104,21,832,3899
2,0.5,4,134,885,1811,1783
5,0.5,47,189,308,1208,1629
1,2.6,8,185,1015,1947,2528
7,2,2,88,1303,1814,3256
8,2.8,41,180,406,1036,2341
1,2.8,57,151,124,833,2785
3,0.5,14,164,150,1677,3761
6,2,5,199,108,1963,1513
2,1.7,45,167,90,557,2240
4,1,5,194,588,1809,820
2,0.5,59,159,1028,1196,1875
3,0.5,33,157,776,1247,920
4,2.5,63,174,278,584,3615
7,1.8,7,88,897,1103,1412
1,2.9,5,136,651,700,361
4,0.6,50,81,1010,1684,1540
2,2.8,11,109,737,1759,1077
5,2,40,93,1399,1646,3610
6,2.1,57,158,376,1288,512
8,3,62,114,1117,1330,3024
1,0.5,27,134,234,1947,1610
1,2.9,16,175,691,1028,2201
7,1.3,42,162,380,1550,3338
4,1.5,61,196,603,1483,3473
8,1.3,10,114,117,681,2203
4,0.5,13,155,766,877,940
8,2.5,4,146,1499,1952,1155
4,1.8,20,93,1175,1578,3872
6,0.5,61,115,988,1503,1882
8,2.9,16,119,190,1905,1798
6,0.5,18,96,674,1375,2598
1,0.5,46,199,518,1374,1567
1,1,2,125,1618,1916,1491
2,1.5,42,120,857,989,2003
4,1.6,54,190,371,665,3905
5,3,57,111,73,583,291
8,1.5,9,118,98,755,1693
4,1.9,25,152,395,1853,1788
6,1.2,26,112,1064,1540,3322
6,2.8,32,80,712,1726,1751
1,2.7,23,117,774,939,1641
7,0.7,51,178,1012,1040,2854
4,1,17,101,730,1148,3115
1,1.7,45,121,777,1090,3259
8,0.5,49,172,973,1633,1612
4,0.5,37,127,245,829,2319
5,2.8,7,138,937,1083,1258
5,2,41,158,937,1164,1543
2,0.5,49,178,574,1171,3991
1,1.6,62,143,678,1630,3555
4,2.8,5,87,82,512,3411
8,1.9,24,190,398,1775,524
6,1.9,35,142,1096,1570,3541
6,1.6,4,169,1419,1698,1998
5,0.5,33,200,157,770,3437
2,0.5,17,114,430,1207,1637
1,0.5,52,153,1524,1848,3064
2,0.5,12,196,1649,1829,2855
1,0.6,53,106,254,954,1393
7,2.2,33,138,1790,1988,1633
4,1.1,48,127,1438,1832,2392
2,2.1,26,82,1304,1673,3284
6,0.9,20,117,813,1180,464
7,1.8,45,180,948,1007,1234
3,0.5,36,139,1161,1288,292
3,2.1,33,174,867,1258,2521
5,2.9,20,180,181,1199,2658
4,1.4,27,91,754,1532,587
4,2.7,2,118,242,1127,2190
4,1.4,35,110,405,742,879
1,2.1,54,80,1569,1763,1743
4,0.5,21,156,105,1099,1181
7,0.5,29,181,978,1986,3330
8,0.5,42,153,725,1882,3564
4,1,56,146,657,1657,562
4,0.5,47,82,1147,1393,1659
8,0.5,14,183,910,1566,1816
5,1.4,49,156,295,503,1338
8,2.8,7,131,26,508,2992
8,0.8,7,85,332,764,315
7,1.9,2,197,519,533,3249
4,2.7,5,200,161,1029,3242
4,0.8,28,194,1080,1289,2725
4,0.6,27,145,649,1290,586
3,2.4,9,89,71,1686,2454
4,0.9,30,147,744,1244,804
7,2.3,44,148,437,1113,2460
1,2.6,27,146,115,1111,1295
5,2,8,139,547,957,2625
2,0.5,21,177,495,1035,1999
2,2.7,15,153,1466,1717,2698
6,1.4,26,129,117,1115,3742
5,2.8,21,158,760,1722,1193
7,1.1,24,129,764,1873,3511
2,1.1,20,192,776,1005,885
5,3,5,167,53,1504,1044
5,0.5,17,194,371,1702,2548
2,2.1,19,132,728,818,2940
5,0.8,11,199,1791,1896,3966
8,0.5,48,121,606,1316,3484
1,2.6,5,90,1225,1717,1246
3,1.9,52,83,419,736,2757
3,0.9,24,136,367,1264,2378
6,1.8,12,104,1230,1263,1794
8,0.5,32,187,267,1161,3933
6,1.4,26,186,273,891,1637
8,1.9,21,110,705,1905,783
5,1.6,42,182,214,679,3094
8,0.5,28,130,424,1032,1774
7,0.8,59,161,84,793,256
2,0.5,52,86,605,1429,1365
3,1.1,45,188,1175,1586,2339
2,2.3,57,129,657,938,2049
5,0.9,28,158,371,1023,3241
4,0.5,21,80,833,1441,867
5,1.3,50,82,102,1195,2175
2,0.5,44,121,1299,1935,3497
4,1.3,10,104,258,1889,609
6,1.7,43,111,56,1150,3285
1,2.3,35,157,443,708,3684
6,1.9,57,181,1279,1793,3586
4,0.5,26,92,313,712,2322
2,0.6,56,180,523,565,354
4,0.7,27,128,919,1482,3204
3,1.3,44,139,570,1021,1400
8,1.7,23,198,380,682,2308
8,0.5,46,105,119,529,1082
2,1.2,40,164,296,839,3104
2,2,22,82,358,614,2847
8,2.5,44,88,1364,1851,2256
7,2.3,16,106,424,1639,1113
6,1.6,32,150,961,1030,3210
6,0.5,23,113,431,1727,3990
7,0.6,63,105,950,1739,984
8,2.7,8,123,647,1849,3117
7,1.6,48,111,1960,1963,1622
3,1,64,105,116,1432,2967
3,1.4,12,138,306,538,1037
8,2.5,7,89,808,1517,2908
2,3,30,126,94,1334,1167
8,2.2,19,114,380,877,2715
7,1.3,16,119,593,732,1734
3,1.5,11,85,1684,1746,2259
3,2.9,16,125,1221,1415,2921
3,0.7,47,146,410,1643,1244
3,1.3,64,98,600,1211,3132
5,2.4,23,106,189,1411,2488
6,0.5,29,133,308,591,1052
2,0.5,28,152,148,742,2927
4,0.7,26,136,297,918,2090
4,0.5,34,190,1050,1726,2131
1,1,47,117,1191,1882,3362
4,0.5,23,80,1399,1663,1053
8,0.9,51,88,1658,1794,1799
5,0.5,54,109,1153,1817,3124
2,0.5,11,109,35,510,1672
4,2.2,15,100,553,874,1552
6,2.8,64,83,46,908,1938
2,1.9,47,129,207,1177,3202
1,0.7,53,128,67,1924,1302
4,2.8,64,179,818,1006,2296
7,0.5,8,152,1257,1411,575
6,1.1,12,93,138,1371,2359
5,1.5,20,167,11,1020,3314
3,1.7,60,147,889,1635,440
6,1.9,11,173,831,1709,2002
6,0.8,16,161,713,1854,3167
2,2.2,37,82,527,1393,3480
2,2.3,47,107,1284,1643,595
5,0.5,2,85,911,1220,2466
6,1.8,60,87,1047,1534,1337
1,1.4,53,98,123,1477,1462
8,0.5,58,112,406,681,503
7,2.1,30,197,927,1135,2066
5,2.6,27,196,407,528,708
7,2,55,103,1041,1430,2029
5,0.5,38,121,781,1364,308
4,0.9,6,195,1191,1839,552
2,1.6,63,89,103,1760,2082
5,0.5,16,141,125,1227,3314
4,1.7,19,199,919,1343,3996
4,1.5,5,109,536,1656,1795
5,2.4,51,104,638,1831,594
5,0.5,58,155,639,1087,2473
5,0.7,31,185,496,1804,690
2,2.4,34,157,686,1418,3845
7,1.5,17,195,1064,1985,2004
5,1.5,53,102,240,1414,2083
6,0.6,26,83,525,704,2661
3,1.8,57,124,348,730,1903
1,2.1,56,196,1262,1520,2466
1,2.1,2,106,1899,1904,3779
3,2.2,5,139,258,789,3904
6,1.7,48,162,1188,1948,265
1,1.6,60,200,730,751,1417
7,0.8,26,197,484,1238,1769
1,1.4,17,171,547,1852,2948
3,1.5,41,152,800,1455,2572
7,2.2,21,150,347,513,3267
4,1.2,37,168,679,1231,1459
8,1.3,12,94,1224,1676,1633
4,0.6,45,130,948,1205,2052
4,0.9,14,165,366,1234,1086
2,0.6,24,169,223,1777,2402
2,1.5,42,108,1619,1962,3376
7,0.8,52,103,332,970,1507
3,1.8,44,158,167,909,641
1,0.5,35,131,782,951,3451
7,1,14,189,881,1129,1607
1,0.5,6,101,91,1317,3521
2,2.9,7,147,487,722,1241
7,0.6,16,137,120,1429,881
7,1,62,170,1626,1913,2563
3,1.2,61,123,74,865,3033
7,0.6,59,132,634,1079,769
4,2.5,49,131,334,1079,3454
4,1.8,60,195,931,1811,819
6,0.5,2,185,921,1351,435
7,2.9,30,150,805,956,586
6,1.1,19,125,1057,1931,650
4,2.6,14,115,616,912,3038
5,0.7,60,198,740,840,3736
1,2.8,9,117,542,678,2948
7,1.4,19,190,344,1551,739
2,2.5,25,200,211,1608,686
2,1.9,7,164,79,615,841
8,2.7,29,83,887,893,1183
3,0.6,19,131,670,1152,3943
7,2.8,54,109,383,1249,1037
4,0.5,53,114,718,1109,2633
3,2.6,44,160,144,896,3911
7,2.3,20,158,1442,1904,1958
8,0.5,22,122,291,1318,3297
3,1,24,170,1352,1775,3141
6,1.7,17,174,209,725,3351
7,1.5,55,100,861,1888,2355
3,2.9,3,105,426,1629,1308
5,0.6,27,127,266,642,991
8,2.9,39,173,523,542,3248
4,0.9,5,137,40,1311,1519
6,1.6,53,88,262,1436,493
6,1.2,2,114,623,769,1747
4,0.5,64,94,4,1351,2517
1,1.8,53,187,1001,1176,1389
5,1.6,2,188,334,896,2522
5,1.2,27,116,453,963,1885
7,2.1,16,196,952,1726,704
6,2.7,10,163,321,1870,953
1,1.7,28,108,1451,1469,3206
1,0.9,42,94,1048,1123,928
4,2.3,2,101,398,724,2177
3,2.1,52,187,417,520,2610
7,2.4,12,186,470,844,489
8,2.3,8,128,1217,1670,3839
1,2.8,15,181,298,1037,1861
2,2.9,56,176,36,642,299
2,0.5,32,182,85,1451,340
5,2.7,15,102,655,1255,3606
4,1.8,62,91,167,990,799
6,2.1,46,134,212,623,2367
3,1,30,123,617,1386,445
1,0.5,11,122,271,1769,3927
5,0.9,63,157,159,1738,3756
4,0.5,36,162,786,872,770
1,1.9,21,138,46,562,1641
8,1.4,13,197,645,1275,2343
4,1.5,9,122,1371,1677,2787
5,1.4,47,169,881,1382,2495
5,1.6,45,158,449,790,3208
7,0.8,18,146,338,534,1234
8,0.8,38,97,1332,1814,1069
5,2.4,11,130,119,1531,3568
5,1.4,45,103,256,823,3585
4,0.5,2,155,428,1254,1974
3,1.9,35,111,1546,1879,2419
2,1.2,13,97,1210,1989,340
8,1.2,41,169,789,1211,2282
4,1.2,63,132,390,756,298
2,2.5,39,162,110,1317,968
3,1,18,153,1330,1686,2391
2,2.1,62,168,674,1455,1534
7,2.7,10,101,253,590,696
7,1,23,97,317,1805,2782
2,2.4,45,136,183,661,755
6,0.5,16,90,892,1603,3746
1,2.5,41,124,388,605,2651
8,1,45,124,52,539,1341
3,2.1,37,101,914,979,2651
5,1.6,12,80,287,593,1824
6,0.5,14,160,773,1353,1905
7,0.5,40,156,675,1163,1456
7,0.7,63,153,367,1985,3155
3,2.4,33,93,510,980,773
7,1.6,35,99,1325,1800,1829
8,1.3,32,163,1661,1836,3883
1,0.9,33,195,665,718,1675
3,1.6,30,93,662,997,1601
8,2,2,154,0,994,1958
4,1.7,8,107,284,1036,2376
2,0.6,21,110,661,1951,1647
5,2.7,40,157,757,1912,3548
4,0.6,37,134,560,1177,2694
1,0.5,49,178,470,775,2195
5,2.5,4,148,146,822,2506
4,0.5,16,94,1315,1710,2073
6,2.2,21,162,533,1696,3767
6,2.5,7,105,560,1633,1150
6,2.9,6,102,405,1141,841
5,0.5,7,129,227,610,1675
8,2.9,21,185,479,831,1301
6,1.2,32,141,227,509,1817
6,0.5,6,141,149,1022,2321
7,1.4,25,110,88,709,1974
7,0.9,64,157,114,819,3433
3,1.6,27,174,662,874,1205
7,2.8,23,89,441,1721,872
8,1.5,18,81,888,1466,2052
1,2.5,64,193,664,711,3654
4,2.7,36,194,64,745,1503
5,2.1,24,176,747,1247,3104
5,0.5,17,163,956,1010,343
5,0.6,5,112,776,1397,3430
4,2.6,45,136,652,1933,2470
6,1,24,149,1168,1179,1396
6,2,27,86,201,582,2668
5,0.6,61,194,724,1127,1457
7,0.5,16,110,599,1299,2452
3,1.9,55,113,3,629,1871
4,0.7,40,191,1652,1983,1112
8,1.4,3,85,190,657,967
2,1.2,14,148,1171,1673,2498
6,2.9,42,104,1081,1979,387
2,1,21,138,1211,1396,635
8,1.3,6,143,976,1353,2711
5,1.8,29,111,675,742,2023
7,1.1,25,163,455,537,2215
6,0.8,46,89,42,807,824
1,3,9,117,1196,1651,3851
2,0.5,33,199,503,986,2156
8,0.8,27,88,1694,1798,2885
7,0.5,10,99,306,558,495
2,1.1,18,129,838,885,2358
5,2.2,53,169,291,651,1744
3,1.2,9,161,173,1219,1832
8,1,4,144,1017,1289,2016
3,2.6,6,199,698,1018,1300
6,1.6,41,164,610,1437,2313
5,1.8,34,149,223,737,3248
7,2.2,37,144,206,1167,2216
5,2.1,59,91,1457,1919,3142
2,0.9,58,161,742,999,1850
4,1,13,80,591,724,1424
1,2.9,57,114,347,957,1620
3,2.8,15,83,241,854,2592
1,2.4,36,85,743,1426,296
8,2,44,113,4,743,3579
3,2.9,21,198,576,1809,1180
5,0.5,18,122,888,1099,3962
1,2.2,50,84,528,1416,3978
6,0.5,2,106,1222,1890,668
4,2.6,39,187,915,1965,2032
8,0.9,36,108,868,1632,3057
5,0.9,46,145,336,670,869
6,2,45,168,483,754,3919
